{"train_loss": 1.2890642007798638, "train_iou": 0.21655144113041488, "valid_loss": 2.715844436125322, "valid_iou": 0.039293253474990845, "_timestamp": 1701447024.5816858, "_runtime": 4667.2711708545685, "_step": 31}